<?xml version="1.0" encoding="UTF-8"?>
<extension version="3.0" type="component" method="upgrade">
	<name>jNews</name>
	<creationDate>September 2016</creationDate>
	<author>Joobi</author>
	<copyright>Copyright © 2006-2016 Joobi All rights reserved</copyright>
	<license>GNU GPLv3</license>
	<authorEmail>support@joobi.co</authorEmail>
	<authorUrl>https://joobi.co</authorUrl>
	<version>9.0.1</version>
	<description>jNews the ultimate mailing system for Joomla CMS.</description>

	<install>
  		<sql>
  			<file driver="mysql">tables.sql</file>
    		<file charset="utf8" driver="mysql">tables.sql</file>
 		</sql>
 	</install>

	<scriptfile>install.php</scriptfile>

    <files folder="site">
        <folder>css</folder>
        <folder>images</folder>
        <folder>includes</folder>
		<folder>modules</folder>
		<folder>params</folder>
		<folder>templates</folder>
		<folder>upload</folder>
		<folder>views</folder>
		<filename>jnews.php</filename>
		<filename>jnews.html.php</filename>
		<filename>defines.php</filename>
		<filename>index.html</filename>
		<filename>router.php</filename>
		<filename>sef_ext.php</filename>
	</files>

	<administration>
		<files folder="admin">
			<folder>backup</folder>
			<folder>extensions</folder>
			<folder>classes</folder>
			<folder>buttons</folder>
			<folder>controllers</folder>
			<folder>cssadmin</folder>
			<folder>droplist</folder>
			<folder>images</folder>
			<folder>language</folder>
			<folder>params</folder>
			<folder>plugins</folder>
			<folder>templates</folder>
			<folder>views</folder>
			<filename>jnews.php</filename>
			<filename>admin.jnews.html.php</filename>
			<filename>compa.php</filename>
			<filename>tables.sql</filename>
			<filename>dwntemplates.sql</filename>
			<filename>simplicitytemplate.sql</filename>
			<filename>index.html</filename>
			<filename>toolbar.jnews.php</filename>
			<filename>toolbar30.jnews.php</filename>
		</files>

		<menu img="../administrator/components/com_jnews/images/16/jnewsletter_icon.png" link="option=com_jnews">jNews</menu>
		<submenu>
		  <menu link="option=com_jnews&amp;act=list" img="../administrator/components/com_jnews/images/16/lists.png">Lists</menu>
		  <menu link="option=com_jnews&amp;act=subscribers" img="../administrator/components/com_jnews/images/16/subscribers.png">Subscribers</menu>
		  <menu link="option=com_jnews&amp;act=mailing&amp;listype=1" img="../administrator/components/com_jnews/images/16/newsletter.png">Newsletters</menu>
		  <menu link="option=com_jnews&amp;act=statistics" img="../administrator/components/com_jnews/images/16/statistics.png">Statistics</menu>
		  <menu link="option=com_jnews&amp;act=queue" img="../administrator/components/com_jnews/images/16/queue.png">Queue</menu>
		  <menu link="option=com_jnews&amp;act=templates" img="../administrator/components/com_jnews/images/16/templates.png">Templates</menu>
		  <menu link="option=com_jnews&amp;act=configuration" img="../administrator/components/com_jnews/images/16/configuration.png">Configuration</menu>
		  <menu link="option=com_jnews&amp;act=about" img="../administrator/components/com_jnews/images/16/about.png">About</menu>
		</submenu>
	</administration>

    <updateservers>
        <server type="extension" priority="1" name="jNews">https://joobi.co/joobi/user/updates/jnews.xml</server>
    </updateservers>
</extension>