<?xml version="1.0" ?>
<!DOCTYPE install SYSTEM "http://dev.joomla.org/xml/1.5/plugin-install.dtd">

<install type="module" version="2.5" method="upgrade">

	<name>jNews Flexicontent Module</name>

	<creationDate>January 2013</creationDate>

	<author>Joobi</author>

	<copyright>Copyright (C) 2011 Joobi All rights reserved</copyright>

	<license>GNU GPLv3</license>

	<authorEmail>support@joobi.co</authorEmail>

	<authorUrl>https://joobi.co</authorUrl>

	<version>0.0</version>



	<description>jNews Flexicontent Module</description>

	<files>
		<filename module="mod_jnews_flexicontent">mod_jnews_flexicontent.php</filename>
		<filename module="mod_jnews_flexicontent">mod_jnews_flexicontent.xml</filename>
		<filename>index.html</filename>
	</files>

	<params>
		<param name="listid" type="text" Label="List Id" description="Specify the list Id where you want to subscriber the users for the tenders. This is specifically the list where the smartflexi newsletter will be sent." />
		<param name="topLevelCategory" type="radio"  label="Top Level Category" default="current" description="Select the Top Level Category that you want to get articles from and let users select categories to subscribe articles."  >
			<option value="current">Current Tenders</option>
			<option value="awarded">Awarded Tenders</option>
			<option value="archived">Archived Tenders</option>
		</param>
		<param name="height" type="text" label="Height" default="200" description="Enter the desired height of the picklist for the categories in px." />
		<param name="format" type="radio" label="Format" default="vertical" description="Select the format of the categories in the module." >
			<option value="horizontal">Horizontal</option>
			<option value="vertical">Vertical</option>
		</param>
	</params>
	
	<config>
		<fields name="params">
			<fieldset name="basic">
				<field name="listid" type="text" Label="List Id" description="Specify the list Id where you want to subscriber the users for the tenders. This is specifically the list where the smartflexi newsletter will be sent." />
				<field name="topLevelCategory" type="radio"  label="Top Level Category" default="current" description="Select the Top Level Category that you want to get articles from and let users select categories to subscribe articles."  >
					<option value="current">Current Tenders</option>
					<option value="awarded">Awarded Tenders</option>
					<option value="archived">Archived Tenders</option>
				</field>
				<field name="height" type="text" label="Height" default="200" description="Enter the desired height of the picklist for the categories in px." />
				<field name="format" type="radio" label="Format" default="vertical" description="Select the format of the categories in the module." >
					<option value="horizontal">Horizontal</option>
					<option value="vertical">Vertical</option>
				</field>
			</fieldset>
		</fields>
	</config>

</install>
