<?xml version="1.0" encoding="utf-8"?>
<install version="1.5" type="plugin" group="jnews">
	<name>jNews Flexicontent Bot Plugin</name>
	<author>Joobi</author>
	<creationDate>November 2015</creationDate>
	<copyright>© Copyright (C) 2010 Joobi All rights reserved</copyright>
	<license>GNU GPLv3</license>
	<authorEmail>support@joobi.co</authorEmail>
	<authorUrl>https://joobi.co</authorUrl>
	<version>2.1</version>
	<isapplication>true</isapplication>
	<isbrowseable>true</isbrowseable>
	<description>jNews Application for Flexicontent</description>
	<files>
		<filename plugin="flexicontent">flexicontent.php</filename>
	</files>
	
	<params>
		<param name="contentrendering" type="radio" default="1" label="Display of the articles in the newsletter.">
				<option value="0">Full Article</option>
				<option value="1">Intro Only</option>
				<option value="2">Title Only</option>
			</param>

	</params>

	<config>
		<fields name="params">
			<field name="contentrendering" type="radio" default="1" label="Display of the articles in the newsletter.">
				<option value="0">Full Article</option>
				<option value="1">Intro Only</option>
				<option value="2">Title Only</option>
			</field>
		</fields>
	</config>

</install>
