<?xml version="1.0" encoding="UTF-8"?>
<!DOCTYPE install SYSTEM "http://dev.joomla.org/xml/2.5/plugin-install.dtd">
<extension version="2.5" type="plugin" group="jnews" method="upgrade">
	<name>VirtueMart Products</name>
	<author>Joobi</author>
	<creationDate>January 2013</creationDate>
	<copyright>Copyright (C) 2016 Joobi All rights reserved</copyright>
	<license>GNU GPLv3</license>
	<authorEmail>support@joobi.co</authorEmail>
	<authorUrl>https://joobi.co</authorUrl>
	<version>2.1</version>
	<description>This plugin enables you to insert VirtueMart 2.0 Products inside any jNews Mailings</description>
	<files>
		<filename plugin="virtuemartproduct">virtuemartproduct.php</filename>
	</files>

	<params>
		<param name="vat" type="radio" default="1" label="Include the VAT to the price" description="Select Yes if you want to add the vat to the displayed price otherwise select No">
			<option value="0">No VAT</option>
			<option value="1">Yes, include VAT</option>
		</param>
		<param name="description" type="radio" default="short" label="Description" description="Select if you want jNews to display the short description or the full description of the product">
			<option value="short">Short Description</option>
			<option value="full">Full Description</option>
		</param>
	</params>

	<config>
		<fields name="params">
			<fieldset name="basic">
				<field name="vat" type="radio" default="1" label="Include the VAT to the price" description="Select Yes if you want to add the vat to the displayed price otherwise select No">
					<option value="0">No VAT</option>
					<option value="1">Yes, include VAT</option>
				</field>
				<field name="description" type="radio" default="short" label="Description" description="Select if you want jNews to display the short description or the full description of the product">
					<option value="short">Short Description</option>
					<option value="full">Full Description</option>
				</field>
			</fieldset>
		</fields>
	</config>
</extension>
