<?xml version="1.0" encoding="UTF-8"?>
<!DOCTYPE install SYSTEM "http://dev.joomla.org/xml/2.5/plugin-install.dtd">
<extension version="2.5" type="plugin" group="jnews" method="upgrade">
	<name>jNews Tag: Site Links</name>
	<author>Joobi</author>
	<creationDate>January 2013</creationDate>
	<copyright>Copyright (C) 2016 Joobi All rights reserved</copyright>
	<license>GNU GPLv3</license>
	<authorEmail>support@joobi.co</authorEmail>
	<authorUrl>https://joobi.co</authorUrl>
	<version>2.1</version>
	<description>This plugin enables you to add "view it online link" to the newsletter and custom site links.</description>
	<files>
		<filename plugin="tagsite">tagsite.php</filename>
	</files>

	<params>
		<param name="viewtemplate" type="radio" default="standard" label="Display the online version" description="Select if you want to display the online version (when the user clicks on the view it online link) without any Joomla module (no template) or inside your default Joomla Template">
			<option value="standard">Standard template</option>
			<option value="notemplate">No template</option>
		</param>
		<param name="customlink" size="40" type="text" default="" label="Custom Links" description="Enter the custom site link tags here with the format sitename|url. Ex. Joobi|joobi.co" />

	</params>

	<config>
		<fields name="params">
			<fieldset name="basic">
				<field name="viewtemplate" type="radio" default="standard" label="Display the online version" description="Select if you want to display the online version (when the user clicks on the view it online link) without any Joomla module (no template) or inside your default Joomla Template">
					<option value="standard">Standard template</option>
					<option value="notemplate">No template</option>
				</field>
				<field name="customlink" size="40" type="text" default="" label="Custom Links" description="Enter the custom site link tags here with the format sitename|url. Ex. Joobi|joobi.co" />
			</fieldset>
		</fields>
	</config>

</extension>