<?xml version="1.0" encoding="UTF-8"?>
<!DOCTYPE install SYSTEM "http://dev.joomla.org/xml/1.5/plugin-install.dtd">
<install version="1.5" type="plugin" group="jnews" method="upgrade">
	<name>jNews LyftenBloggie Bot</name>
	<author>Joobi</author>
	<creationDate>January 2013</creationDate>
	<copyright>Copyright (C) 2011 Joobi All rights reserved</copyright>
	<license>http://www.gnu.org/copyleft/gpl.html GNU/GPL</license>
	<authorEmail>support@joobi.co</authorEmail>
	<authorUrl>https://joobi.co</authorUrl>
	<version>2.1</version>
	<description>jNews LyftenBloggie (for Joomla 1.5) to include blog items into jNews mailings.</description>
	<files>
		<filename plugin="jnewsbotlyften">jnewsbotlyften.php</filename>
	</files>
	<params>
		<param name="blog_limit" type="text" default="5000" label="Limit of Blog to Display" description="The number of blogs to display on the jNews LyftenBloggie Selection" />
		<param name="class_blogpaneopen_nws" type="text" default="" label="Style for Blog" description="jNews will replace your CSS class='blogpaneopen_nws' by the inline CSS style='YOUR FIELD'. If left blank, jNews won't replace it. This class is used to include your blog in a Newsletter" />
		<param name="class_blogheading_nws" type="text" default="" label="Style for Blog Headings" description="jNews will replace your CSS class='blogheading_nws' by the inline CSS style='YOUR FIELD'. If left blank, jNews won't replace it. This class is used for your Blog Title" />
		<param name="blog_order" type="list" default="0" label="Order of the Blogs" description="Select how you want the blogs on the Blog Selection Box">
			<option value="0">By Category</option>
			<option value="1">By Modified</option>
			<option value="2">By Created</option>
			<option value="3">By Title</option>
		</param>
	</params>

	<config>
		<fields name="params">
			<fieldset name="basic">
				<field name="blog_limit" type="text" default="5000" label="Limit of Blog to Display" description="The number of blogs to display on the jNews LyftenBloggie Selection" />
				<field name="class_blogpaneopen_nws" type="text" default="" label="Style for Blog" description="jNews will replace your CSS class='blogpaneopen_nws' by the inline CSS style='YOUR FIELD'. If left blank, jNews won't replace it. This class is used to include your blog in a Newsletter" />
				<field name="class_blogheading_nws" type="text" default="" label="Style for Blog Headings" description="jNews will replace your CSS class='blogheading_nws' by the inline CSS style='YOUR FIELD'. If left blank, jNews won't replace it. This class is used for your Blog Title" />
				<field name="blog_order" type="list" default="0" label="Order of the Blogs" description="Select how you want the blogs on the Blog Selection Box">
					<option value="0">By Category</option>
					<option value="1">By Modified</option>
					<option value="2">By Created</option>
					<option value="3">By Title</option>
				</field>
			</fieldset>
		</fields>
	</config>

</install>
