<?xml version="1.0" encoding="UTF-8"?>
<!DOCTYPE install SYSTEM "http://dev.joomla.org/xml/2.5/plugin-install.dtd">
<extension version="2.5" type="plugin" group="jnews" method="upgrade">
	<name>jNews Tag: Date and Time</name>
	<author>Joobi</author>
	<creationDate>January 2013</creationDate>
	<copyright>Copyright (C) 2016 Joobi All rights reserved</copyright>
	<license>GNU GPLv3</license>
	<authorEmail>support@joobi.co</authorEmail>
	<authorUrl>https://joobi.co</authorUrl>
	<version>2.1</version>
	<description>This plugin enables you to add the date and time the newsletter is sent in your newsletter.</description>
	<files>
		<filename plugin="tagdatetime">tagdatetime.php</filename>
	</files>
</extension>